{"cameraMode":{"drawMode":0,"name":"Shaded","section":"Shading Mode"},"sceneLighting":true,"audioPlay":false,"sceneViewState":{"m_AlwaysRefresh":false,"showFog":true,"showSkybox":true,"showFlares":true,"showImageEffects":true,"showParticleSystems":true,"showVisualEffectGraphs":true,"m_FxEnabled":true},"in2DMode":false,"pivot":{"x":204.77664184570313,"y":-203.65316772460938,"z":39.933021545410159},"rotation":{"x":-0.24716556072235108,"y":-0.7315419912338257,"z":0.3349687457084656,"w":-0.5401304960250855},"size":180.95635986328126,"orthographic":false}