{"cameraMode":{"drawMode":0,"name":"Shaded","section":"Shading Mode"},"sceneLighting":true,"audioPlay":false,"sceneViewState":{"m_AlwaysRefresh":false,"showFog":true,"showSkybox":true,"showFlares":true,"showImageEffects":true,"showParticleSystems":true,"showVisualEffectGraphs":true,"m_FxEnabled":true},"in2DMode":false,"pivot":{"x":445.5206298828125,"y":2.7757394313812258,"z":428.7709655761719},"rotation":{"x":0.0032310266979038717,"y":-0.9971568584442139,"z":0.0673842802643776,"w":0.03832832723855972},"size":3.4684247970581056,"orthographic":false}