{"cameraMode":{"drawMode":0,"name":"Shaded","section":"Shading Mode"},"sceneLighting":true,"audioPlay":false,"sceneViewState":{"m_AlwaysRefresh":false,"showFog":true,"showSkybox":true,"showFlares":true,"showImageEffects":true,"showParticleSystems":true,"showVisualEffectGraphs":true,"m_FxEnabled":true},"in2DMode":false,"pivot":{"x":952.0254516601563,"y":365.6379089355469,"z":2307.345947265625},"rotation":{"x":-0.035992760211229327,"y":-0.0020912543404847385,"z":0.00007602117693750188,"w":-0.9993546009063721},"size":1720.6224365234375,"orthographic":false}