{"cameraMode":{"drawMode":0,"name":"Shaded","section":"Shading Mode"},"sceneLighting":true,"audioPlay":false,"sceneViewState":{"m_AlwaysRefresh":false,"showFog":true,"showSkybox":true,"showFlares":true,"showImageEffects":true,"showParticleSystems":true,"showVisualEffectGraphs":true,"m_FxEnabled":true},"in2DMode":false,"pivot":{"x":303.9056396484375,"y":48.166900634765628,"z":241.54396057128907},"rotation":{"x":-0.06689398735761643,"y":0.9331149458885193,"z":-0.24503350257873536,"w":-0.25461193919181826},"size":19.145809173583986,"orthographic":false}