{"cameraMode":{"drawMode":0,"name":"Shaded","section":"Shading Mode"},"sceneLighting":true,"audioPlay":false,"sceneViewState":{"m_AlwaysRefresh":false,"showFog":true,"showSkybox":true,"showFlares":true,"showImageEffects":true,"showParticleSystems":true,"showVisualEffectGraphs":true,"m_FxEnabled":true},"in2DMode":false,"pivot":{"x":445.9993896484375,"y":7.090000152587891,"z":433.4607849121094},"rotation":{"x":0.03111777827143669,"y":0.9614803791046143,"z":-0.24303984642028809,"w":0.12600097060203553},"size":0.9797910451889038,"orthographic":false}