{"cameraMode":{"drawMode":0,"name":"Shaded","section":"Shading Mode"},"sceneLighting":true,"audioPlay":false,"sceneViewState":{"m_AlwaysRefresh":false,"showFog":true,"showSkybox":true,"showFlares":true,"showImageEffects":true,"showParticleSystems":true,"showVisualEffectGraphs":true,"m_FxEnabled":true},"in2DMode":false,"pivot":{"x":420.346435546875,"y":37.251033782958987,"z":428.9777526855469},"rotation":{"x":0.009367668069899083,"y":0.9739353656768799,"z":0.04092947766184807,"w":-0.22290989756584168},"size":76.56852722167969,"orthographic":false}