{"cameraMode":{"drawMode":0,"name":"Shaded","section":"Shading Mode"},"sceneLighting":true,"audioPlay":false,"sceneViewState":{"m_AlwaysRefresh":false,"showFog":true,"showSkybox":true,"showFlares":true,"showImageEffects":true,"showParticleSystems":true,"showVisualEffectGraphs":true,"m_FxEnabled":true},"in2DMode":false,"pivot":{"x":289.0172119140625,"y":63.338768005371097,"z":486.4713439941406},"rotation":{"x":-0.037229228764772418,"y":0.9425069093704224,"z":-0.11158786714076996,"w":-0.31294724345207217},"size":28.282194137573243,"orthographic":false}