{"cameraMode":{"drawMode":0,"name":"Shaded","section":"Shading Mode"},"sceneLighting":false,"audioPlay":false,"sceneViewState":{"m_AlwaysRefresh":false,"showFog":true,"showSkybox":true,"showFlares":true,"showImageEffects":true,"showParticleSystems":true,"showVisualEffectGraphs":true,"m_FxEnabled":true},"in2DMode":false,"pivot":{"x":192.06704711914063,"y":108.11402893066406,"z":330.18499755859377},"rotation":{"x":-0.026731280609965326,"y":0.963677704334259,"z":-0.2438201904296875,"w":-0.10565304011106491},"size":602.1536865234375,"orthographic":false}