{"cameraMode":{"drawMode":0,"name":"Shaded","section":"Shading Mode"},"sceneLighting":true,"audioPlay":false,"sceneViewState":{"m_AlwaysRefresh":false,"showFog":true,"showSkybox":true,"showFlares":true,"showImageEffects":true,"showParticleSystems":true,"showVisualEffectGraphs":true,"m_FxEnabled":true},"in2DMode":false,"pivot":{"x":622.2605590820313,"y":347.74505615234377,"z":-17.365032196044923},"rotation":{"x":-0.11672833561897278,"y":0.009839793667197228,"z":-0.0011512921191751958,"w":-0.9931173920631409},"size":595.3571166992188,"orthographic":false}